Area,Place to Visit,Activity Type,Description
Arugam Bay,Kumana National Park Safari,Outdoor,"Embark on a wildlife safari to spot elephants, leopards, and a variety of bird species in their natural habitat. The park is approximately 44 km from Arugam Bay."
Arugam Bay,Surfing,Outdoor,"Arugam Bay is celebrated as one of the world's top surfing destinations, offering waves suitable for all skill levels. The main surf season spans from May to September."
Arugam Bay,Lagoon Tours,Outdoor,"Explore the serene Pottuvil Lagoon by boat, observing mangroves, birdlife, and possibly crocodiles."
Arugam Bay,Crocodile Rock,Outdoor,"A short trek leads to this rock formation, offering panoramic views and opportunities to spot wildlife, including crocodiles."
Arugam Bay,Elephant Rock,Outdoor,"A favored spot for both surfing and enjoying sunsets, providing scenic views and a tranquil environment."
Arugam Bay,Beach Hopping,Outdoor,Visit nearby beaches like Peanut Farm Beach and Whiskey Point for relaxation and surfing.
Arugam Bay,Yoga Classes,Indoor,"Many local establishments offer yoga sessions, providing relaxation and wellness experiences."
Arugam Bay,Ayurvedic Spa,Indoor,"Indulge in traditional Ayurvedic therapies at local spas, such as the Ama Ayurvedic Spa and Medical Centre, known for its holistic treatments. "
Arugam Bay,Cooking Classes,Indoor,Participate in Sri Lankan cooking classes to learn about local cuisine and culinary techniques.
Arugam Bay,Muhudu Maha Viharaya,Outdoor,"An ancient Buddhist temple situated near the beach, offering insights into the region's history and architecture."
Arugam Bay,Kudumbigala Monastery,Outdoor,"Explore this historic monastery complex, featuring meditation caves and ancient inscriptions."
Arugam Bay,Lahugala Kitulana National Park,Outdoor,"Approximately 16 km inland, this park is known for its elephant population and diverse flora and fauna."
Arugam Bay,Panama Village,Outdoor,"A traditional village about 12 km south of Arugam Bay, offering cultural experiences and access to natural attractions like the Panama Tank."
Arugam Bay,Okanda,Outdoor," Located around 32 km south, Okanda is known for its temple and as a gateway to the Kumana National Park."
Nuwara Eliya,Gregory Lake,Outdoor,"A central attraction in Nuwara Eliya, Gregory Lake offers boating, paddle boating, and jet skiing. The surrounding park is ideal for picnics and leisurely walks."
Nuwara Eliya,Horton Plains National Park,Outdoor,"A UNESCO World Heritage site, this park features cloud forests, highland grasslands, and the famous World's End cliff. It's a haven for hikers and nature enthusiasts."
Nuwara Eliya,Tea Plantation Tours,Outdoor,Explore lush tea estates like Pedro Tea Estate and Bluefield Tea Gardens to learn about tea cultivation and enjoy scenic views.
Nuwara Eliya,Moon Plains,Outdoor,"Offering panoramic views of the surrounding mountains and valleys, Moon Plains is a popular spot for nature walks and wildlife sightings."
Nuwara Eliya,Lover's Leap Waterfall,Outdoor,"A short hike through tea plantations leads to this beautiful waterfall, offering serene views and a refreshing atmosphere."
Nuwara Eliya,Victoria Park,Outdoor,"Located in the heart of Nuwara Eliya, this well-maintained park is perfect for leisurely strolls, bird watching, and enjoying the blooming flowers."
Nuwara Eliya,Nuwara Eliya Post Office,Indoor,"Visit this iconic Tudor-style building, one of the oldest post offices in Sri Lanka, to admire its architecture and send postcards."
Nuwara Eliya,Tea Factory Visits,Indoor,Tour factories like the Bluefield Tea Factory to observe the tea-making process and sample freshly brewed Ceylon tea.
Nuwara Eliya,Seetha Amman Temple,Indoor,"A Hindu temple with intricate carvings, believed to be the site where Sita was held captive in the Ramayana epic."
Nuwara Eliya,Hakgala Botanical Gardens,Outdoor,"Established in the 19th century, these gardens showcase a diverse range of flora, including orchids and roses, set against a backdrop of misty hills."
Nuwara Eliya,St. Clair's Falls and Devon Falls,Outdoor,"Often referred to as the ""Little Niagara of Sri Lanka,"" these waterfalls are located near Nuwara Eliya and are popular for their scenic beauty."
Nuwara Eliya,Ambewela Farm,Outdoor,"Known as ""Little New Zealand,"" this dairy farm offers guided tours where visitors can learn about cattle farming and taste fresh dairy products."
Kandy,Kandy Lake (Bogambara Lake),Outdoor,"Located in the heart of the city, Kandy Lake offers a serene environment for leisurely walks along its perimeter, with views of the surrounding hills and the Temple of the Tooth."
Kandy,Kandy Esala Perahera (Festival of the Tooth),Outdoor,"A grand annual Buddhist festival held in July or August, featuring elaborate processions with traditional dancers, drummers, fire performers, and beautifully decorated elephants. The highlight of the festival is the sacred relic of Lord Buddha's tooth, which is paraded through the streets of Kandy.  Best time to visit is the festival season, typically over ten nights leading to the full moon of Esala (July or August)."
Kandy,"Royal Botanical Gardens, Peradeniya",Outdoor,"Spanning 147 acres, these gardens boast over 4,000 plant species, including orchids, palms, and medicinal plants. It's an ideal spot for picnics and nature walks. "
Kandy,Udawatta Kele Sanctuary,Outdoor,"A forest reserve located north of Kandy Lake, offering trails for hiking and bird-watching amidst lush greenery."
Kandy,Bahirawakanda Vihara Buddha Statue,Outdoor,This towering statue provides panoramic views of Kandy. Visitors can climb to the top for a closer look and enjoy the surrounding scenery.
Kandy,Commonwealth War Cemetery,Outdoor,"A well-maintained cemetery honoring soldiers from World War II, offering a tranquil environment for reflection."
Kandy,Embekke Devalaya,Outdoor,"Located 13 km from Kandy, this temple is renowned for its intricate wood carvings and pillars, showcasing traditional Sinhalese craftsmanship."
Kandy,Gadaladeniya Temple,Outdoor,"Situated 12 km from Kandy, this 14th-century Buddhist temple features South Indian architectural influences and stone carvings."
Kandy,Knuckles Mountain Range,Outdoor,"Ideal for trekking and nature excursions, this range is about 40 km northeast of Kandy and offers diverse flora, fauna, and scenic landscapes."
Kandy,Pinnawala Elephant Orphanage,Outdoor,"Approximately 40 km northwest of Kandy, this sanctuary cares for orphaned elephants. Visitors can observe feeding and bathing routines."
Kandy,Temple of the Sacred Tooth Relic (Sri Dalada Maligawa),Indoor,"A UNESCO World Heritage site, this temple houses a sacred tooth of the Buddha and is a significant pilgrimage site. Visitors can explore the temple complex and witness traditional rituals."
Kandy,Kandy National Museum,Indoor,"Adjacent to the Temple of the Tooth, the museum showcases artifacts from the Kandyan era, including weapons, jewelry, and historical documents."
Kandy,Ceylon Tea Museum,Indoor,"Located in Hantane, this museum provides insights into Sri Lanka's tea industry, displaying vintage tea-processing equipment and offering tea tastings."
Kandy,Kandy Cultural Centre,Indoor,Experience traditional Kandyan dance performances and cultural shows that highlight Sri Lanka's rich artistic heritage.
Kandy,Shopping at Kandy City Centre,Indoor,"A modern shopping complex where visitors can purchase local crafts, souvenirs, and enjoy a variety of dining options"
Kandy,Queens Hotel,Indoor,"A historical hotel located in the heart of Kandy, adjacent to the Temple of the Tooth and Kandy Lake. It is known for its colonial architecture, luxurious ambiance, and as a prime spot for dining and relaxing in a heritage setting. Visitors can also explore its lobby and enjoy its rich historical significance as part of Kandy's colonial past."
Kataragama,Kataragama Temple Complex,Outdoor,"A sacred site comprising multiple shrines, including the Kataragama Devalaya dedicated to Lord Skanda (Murugan) and the Kiri Vehera Stupa, a significant Buddhist site. Visitors can observe daily rituals and participate in religious ceremonies."
Kataragama,Kataragama Festival,Outdoor,"An annual event held in July or August, featuring vibrant processions, traditional dances, and fire-walking ceremonies. It's a profound cultural experience attracting devotees and tourists alike."
Kataragama,Yala National Park Safari,Outdoor,"Located approximately 22 km from Kataragama, Yala National Park is renowned for its diverse wildlife, including elephants, leopards, and a variety of bird species. Guided jeep safaris offer an adventurous outdoor experience."
Kataragama,Kebiliththa Pilgrimage,Outdoor," A remote and sacred site deep within the jungle, believed to be a meditation spot of Lord Kataragama. The journey requires a challenging off-road trek, appealing to adventure enthusiasts."
Kataragama,Menik Ganga (River),Outdoor,A holy river where pilgrims perform purification rituals. Visitors can enjoy the serene environment and observe traditional bathing practices.
Kataragama,Sithulpawwa Rock Temple,Outdoor,"Approximately 19 km from Kataragama, this ancient Buddhist monastery is situated atop a rock, offering panoramic views and insights into historical architecture."
Kataragama,Bundala National Park,Outdoor,"Around 36 km from Kataragama, this park is a UNESCO Biosphere Reserve, ideal for bird watching and experiencing diverse ecosystems."
Kataragama,Indoor Board Games at Kele Resort,Indoor,"Kele Resort provides indoor board games such as carrom, chess, checkers, and cards, offering a relaxing environment for guests."
Kataragama,Traditional Cooking Demonstrations,Indoor,"Some local establishments may offer traditional cooking demonstrations, allowing visitors to learn about Sri Lankan culinary practices."
Kataragama,Ayurvedic Wellness Centers,Indoor,"While not specific to Kataragama, nearby towns may have Ayurvedic centers offering traditional treatments and massages."
Anuradhapura,Jaya Sri Maha Bodhi,Outdoor,"This sacred fig tree is believed to be a sapling from the original Bodhi tree under which Buddha attained enlightenment. Planted in 288 BC, it is considered the oldest living human-planted tree in the world. Pilgrims and visitors come to pay their respects and meditate in its serene surroundings."
Anuradhapura,Ruwanwelisaya Stupa,Outdoor,"Built by King Dutugemunu in the 2nd century BC, this magnificent stupa is a marvel of ancient engineering and a central place of worship for Buddhists. Its massive white dome and tranquil ambiance make it a must-visit site."
Anuradhapura,Jetavanaramaya Monastery,Outdoor,"Once the world's tallest stupa, Jetavanaramaya stands at 122 meters and is part of a vast monastic complex. Visitors can explore the ruins and appreciate the grandeur of ancient Sri Lankan architecture."
Anuradhapura,Thuparamaya,Outdoor,"Constructed by King Devanampiya Tissa in the 3rd century BC, Thuparamaya is the oldest dagoba in Sri Lanka and enshrines the collarbone relic of the Buddha. It holds immense historical and religious significance."
Anuradhapura,Lovamahapaya,Outdoor,"Once a nine-story monastic complex with a bronze roof, Lovamahapaya was an architectural wonder of its time. Today, only the stone pillars remain, reflecting its past grandeur."
Anuradhapura,Abhayagiri Dagaba,Outdoor,"Part of the extensive Abhayagiri Monastery complex, this dagoba was a major center of Theravada and Mahayana Buddhism. The site offers insights into monastic life and ancient architecture. "
Anuradhapura,Mirisaveti Stupa,Outdoor,"Built by King Dutugemunu after his victory over King Elara, this stupa holds historical significance and is a testament to the architectural prowess of ancient Sri Lanka."
Anuradhapura,Lankarama Stupa,Outdoor,"Constructed by King Valagamba, Lankarama is a unique stupa with an elegant design. The site is tranquil, offering a peaceful environment for reflection."
Anuradhapura,Isurumuniya Temple,Outdoor,"Known for its exquisite rock carvings, including the famous 'Isurumuniya Lovers,' this temple showcases the artistic heritage of Anuradhapura. The temple's serene environment makes it a popular spot for meditation and reflection."
Anuradhapura,Kalu Diya Pokuna,Outdoor,"Meaning 'Black Water Pond,' this ancient bathing pool is located in Mihintale, near Anuradhapura. Surrounded by lush greenery and rock formations, it offers a tranquil setting and insights into the hydraulic engineering of ancient Sri Lanka."
Anuradhapura,Samadhi Buddha Statue,Outdoor,"This iconic statue depicts the Buddha in a state of deep meditation (Samadhi). Carved from granite, it is considered a masterpiece of ancient sculpture and a symbol of spiritual serenity."
Anuradhapura,Kuttam Pokuna (Twin Ponds),Outdoor,"These twin bathing tanks are masterpieces of ancient hydrological engineering, reflecting the advanced skills of the Anuradhapura civilization. The site is peaceful and offers a glimpse into the daily life of monks."
Anuradhapura,Mihintale,Outdoor,"Located about 12 km east of Anuradhapura, Mihintale is the birthplace of Buddhism in Sri Lanka. The site features a series of religious monuments and offers panoramic views after a climb of 1,840 steps. "
Anuradhapura,Wilpattu National Park,Outdoor,"Approximately 30 km west of Anuradhapura, this park is renowned for its leopard population and diverse wildlife. Jeep safaris provide an opportunity to experience Sri Lanka's natural beauty."
Anuradhapura,Anuradhapura Archaeological Museum,Indoor,"This museum houses artifacts from the Anuradhapura period, including statues, coins, and tools, providing visitors with a deeper understanding of the ancient city's history and culture."
Polonnaruwa,Polonnaruwa Ancient City,Outdoor,"explore the well-preserved ruins of the ancient capital, including the Royal Palace, Audience Hall, and other significant structures. It offers a deep dive into Sri Lankan history and culture."
Polonnaruwa,Parakrama Samudra,Outdoor,"A vast reservoir built by King Parakramabahu I, showcasing ancient hydraulic engineering."
Polonnaruwa,Minneriya National Park Safari,Outdoor,"Famous for ""The Gathering,"" where hundreds of elephants come together during the dry season."
Polonnaruwa,Somawathiya Temple,Outdoor,"A sacred Buddhist site believed to house a relic of Lord Buddha's tooth. Located within the Somawathiya National Park, the temple is surrounded by lush greenery and wildlife, offering a tranquil environment for meditation and religious observances."
Polonnaruwa,Gal Vihara,Outdoor,"Known for its large rock-cut Buddha statues, representing the artistic excellence of the Polonnaruwa era."
Polonnaruwa,Parakramabahu Statue,Outdoor,"An impressive 11-foot-2-inch stone sculpture believed to represent King Parakramabahu I, showcasing the artistry of the Polonnaruwa era."
Polonnaruwa,Kaudulla Tank,Outdoor,"An ancient reservoir now part of Kaudulla National Park, attracting diverse wildlife, especially elephants."
Polonnaruwa,Polonnaruwa Archaeological Museum,Indoor,Exhibits artifacts and provides insights into the history and culture of the ancient city.
Sigiriya,Sigiriya Rock,Outdoor,"A UNESCO World Heritage Site, this ancient rock fortress features the ruins of a palace atop a 200-meter-high rock, surrounded by extensive gardens, moats, and frescoes."
Sigiriya,Pidurangala Rock,Outdoor,"Adjacent to Sigiriya, Pidurangala offers a less crowded climb with a stunning view of Sigiriya Rock and the surrounding landscape."
Sigiriya,Minneriya National Park,Outdoor,"Known for ""The Gathering,"" where large herds of elephants congregate, especially during the dry season."
Sigiriya,Hiriwadunna Village,Outdoor,"Experience traditional Sri Lankan village life, including bullock cart rides, boat trips on the lake, and authentic local meals. "
Sigiriya,Elephant Rides and Safaris,Outdoor,"Several operators offer elephant-back rides and safaris in the Sigiriya area, providing a unique perspective of the landscape."
Sigiriya,Sigiriya Museum,Indoor,"Offers insights into the history, art, and architecture of the Sigiriya Rock Fortress, with artifacts and exhibits detailing its past."
Sigiriya,Ayurvedic Spa Treatments,Indoor,Several resorts and wellness centers in Sigiriya offer traditional Ayurvedic treatments aimed at relaxation and rejuvenation.
Sigiriya,Cooking Classes,Indoor,Participate in Sri Lankan cooking classes to learn about local cuisine and culinary techniques.
Trincomalee,Koneswaram Temple,Outdoor,"An ancient Hindu temple perched atop Swami Rock within Fort Frederick, overlooking the Indian Ocean. This sacred site is dedicated to Lord Shiva and is often referred to as the ""Temple of a Thousand Pillars."" Its serene ambiance and breathtaking views make it a must-visit."
Trincomalee,Pigeon Island National Park,Outdoor,"A marine sanctuary featuring coral reefs and diverse marine life, including reef sharks, sea turtles, and vibrant fish species. Located a short boat ride from Nilaveli Beach, this island is a haven for snorkelers and divers."
Trincomalee,Nilaveli Beach,Outdoor,"A pristine stretch of golden sand and clear blue waters, Nilaveli Beach is ideal for relaxation and enjoying water sports. Its calm atmosphere makes it perfect for families and couples."
Trincomalee,Fort Frederick,Outdoor," A historic fort constructed by the Portuguese in 1624 and later occupied by the Dutch and British. Today, it houses military barracks and is home to the iconic Koneswaram Temple."
Trincomalee,Whale and Dolphin Watching,Outdoor,"Trincomalee is one of the best locations in the world for spotting blue whales, sperm whales, and dolphins. Tours typically operate during the migration season from March to August."
Trincomalee,Kanniya Hot Springs,Outdoor,"A site of seven natural hot water wells, historically linked to Hindu mythology. Each well has a slightly different temperature, and visitors can bathe in the therapeutic waters."
Trincomalee,Seruwila Mangala Raja Maha Vihara,Outdoor,"A Buddhist temple believed to enshrine a relic of Lord Buddha, attracting pilgrims and visitors alike. "
Trincomalee,Kanniya Hot Springs,Outdoor,"A site of seven natural hot water wells, each with varying temperatures, historically linked to Hindu mythology. Visitors can bathe in the therapeutic waters."
Trincomalee,Marble Beach,Outdoor,"Situated approximately 16 km south of Trincomalee, Marble Beach is celebrated for its clear turquoise waters and powdery white sands. The beach is managed by the Sri Lankan Air Force and offers a tranquil setting for visitors."
Trincomalee,Maritime and Naval History Museum,Indoor,"Housed in a restored colonial building, this museum chronicles Sri Lanka's maritime history and naval heritage, showcasing artifacts, models, and interactive exhibits."
Trincomalee,Pathirakali Amman Temple,Indoor,"A vibrant Hindu temple dedicated to Goddess Kali, showcasing intricate Dravidian architecture and colorful sculptures. It's a spiritual and artistic experience."
Trincomalee,Trincomalee War Cemetery,Indoor,"One of the six Commonwealth War Cemeteries in Sri Lanka, this tranquil site commemorates soldiers who lost their lives during World War II. "
Jaffna,Nallur Kandaswamy Kovil,Outdoor,"A prominent Hindu temple renowned for its Dravidian architecture and vibrant annual festivals. The temple's history dates back to the 15th century, making it a significant spiritual center in Jaffna."
Jaffna,Jaffna Fort,Outdoor,"Constructed by the Portuguese in 1618 and later expanded by the Dutch, this fort offers insights into colonial military architecture and provides panoramic views of the Jaffna Lagoon."
Jaffna,Casuarina Beach,Outdoor,"Known for its calm, shallow waters and lined with Casuarina trees, this beach is ideal for relaxation and swimming. It's considered one of the best beaches in the Jaffna Peninsula."
Jaffna,Delft Island (Neduntheevu),Outdoor,"Accessible by ferry, this island boasts wild ponies, coral walls, and the ruins of a Dutch fort, reflecting a unique blend of natural and historical attractions."
Jaffna,Keerimalai Natural Springs,Outdoor,"Freshwater springs believed to have therapeutic properties, located near the sea and associated with local legends."
Jaffna,Nagadeepa Purana Vihara,Outdoor,"This ancient Buddhist temple, located on Nagadeepa Island, is one of the 16 sacred sites in Sri Lanka. It is believed to be the site where Lord Buddha mediated a dispute between two Naga kings. Accessible by ferry, the temple is a serene spiritual retreat."
Jaffna,Kankesanthurai Beach (KKS),Outdoor,"A scenic beach in the northernmost part of the Jaffna Peninsula, known for its clear waters and historical significance as a key port during ancient times."
Jaffna,Jaffna Public Library,Indoor,A restored cultural landmark that houses a vast collection of Tamil literature and manuscripts. The library symbolizes Jaffnas resilience and cultural richness.
Jaffna,Jaffna Archaeological Museum,Indoor,"A treasure trove of artifacts, including statues, coins, and tools, reflecting Jaffna's rich cultural history."
Jaffna,Cargills Square,Indoor,"A modern shopping and entertainment complex featuring retail outlets, a food court, and a multiplex cinema."
Kalpitiya,Kite Surfing,Outdoor,"Kalpitiya is a premier destination for kite surfing, offering consistent winds and ideal lagoon conditions, especially from April to October."
Kalpitiya,Dolphin and Whale Watching,Outdoor,"The coastal waters of Kalpitiya are home to large populations of spinner dolphins, with sightings almost guaranteed. During the whale watching season, visitors may also spot blue whales, sperm whales, and other marine giants."
Kalpitiya,Snorkeling and Diving at Bar Reef,Outdoor,"Bar Reef is the largest coral reef in Sri Lanka, boasting vibrant marine life and clear waters."
Kalpitiya,Kalpitiya Lagoon,Outdoor,A stunning lagoon that is a paradise for nature lovers and adventure seekers alike.
Kalpitiya,Wilpattu National Park Safari,Outdoor,"Located a couple of hours from Kalpitiya, Wilpattu is Sri Lanka's largest national park, famous for its leopard population and diverse wildlife."
Kalpitiya,The BNKR,Indoor,"A destination for adventurous fitness, sport, and health enthusiasts, offering a fun, sustainable strength and conditioning gym, CrossFit box, and healthy café year-round."
Kalpitiya,Cultural Tours,Indoor,"While Kalpitiya is primarily known for its natural attractions, guided tours can provide insights into local fishing communities and their traditional lifestyles."
Passikudah,Passikudah Beach,Outdoor,"A crescent-shaped bay with calm, shallow waters extending several meters into the sea, making it ideal for swimming and water sports. "
Passikudah,Kalkudah Beach,Outdoor,"A tranquil beach adjacent to Passikudah, known for its white sands and clear waters, offering a peaceful retreat from the more frequented spots."
Passikudah,Water Sports and Diving,Outdoor,Passikudah's calm waters are perfect for various water sports.
Passikudah,Batticaloa Dutch Fort,Outdoor,"A historic fort built in the 17th century by the Portuguese and later occupied by the Dutch and British, reflecting colonial architecture."
Passikudah,Spa and Wellness Centers,Indoor,Several resorts in Passikudah offer spa treatments focusing on relaxation and rejuvenation.
Passikudah,Cooking Classes,Indoor,Some local establishments offer classes where visitors can learn to prepare traditional Sri Lankan dishes.
Passikudah,Cultural Performances,Indoor,"Occasionally, resorts and local venues host traditional music and dance performances, showcasing Sri Lankan heritage."
Bentota,Bentota Beach,Outdoor,"Renowned for its pristine sands and clear waters, Bentota Beach is ideal for sunbathing, swimming, and water sports such as jet skiing and windsurfing."
Bentota,Madu Ganga River Safari,Outdoor,"Explore the rich biodiversity of the Madu River through a boat safari, navigating mangrove forests and observing local wildlife."
Bentota,Kosgoda Sea Turtle Conservation Project,Outdoor,Learn about turtle conservation efforts and witness the process of releasing hatchlings into the sea.
Bentota,Brief Garden by Bevis Bawa,Indoor,"Explore the exquisite landscape architecture blending art and nature, with beautifully designed gardens and sculptures."
Bentota,Lunuganga Estate,Indoor,"Visit the former residence of Geoffrey Bawa, showcasing unique architectural designs amidst lush gardens."
Bentota,Dedduwa Lake,Outdoor,"Known for its serene waters and surrounding marshlands, it's an excellent spot for boating and enjoying the natural scenery."
Haputale,Lipton’s Seat,Outdoor,A vantage point offering panoramic views of the surrounding tea plantations and hills. It was a favored spot of Sir Thomas Lipton. Early morning visits provide the clearest views.
Haputale,Diyaluma Falls,Outdoor,"Standing at 220 meters, it's Sri Lanka's second-highest waterfall. The falls are accessible via a scenic drive from Haputale, and the area is ideal for picnics and nature walks."
Haputale,Stassen Organic Tea Farm,Outdoor,"Located approximately 5 km from Haputale, this tea farm offers insights into organic tea cultivation. Visitors can engage in tea tasting and purchase fresh tea products."
Haputale,Hiking the Devil’s Staircase,Outdoor,"A challenging trek that rewards hikers with stunning landscapes, including tea estates and mountain vistas. It's advisable to undertake this hike with a guide."
Haputale,Bambarakanda Falls,Outdoor,"At 263 meters, it's the tallest waterfall in Sri Lanka. The surrounding area offers hiking trails and picnic spots, making it a perfect day-trip destination."
Haputale,Adisham Bungalow,Indoor,"A Benedictine monastery set in a Tudor-style mansion, reflecting colonial architecture. Visitors can explore its well-maintained gardens and purchase homemade jams and cordials."
Haputale,St. Andrew's Church,Indoor,A historic Anglican church showcasing colonial-era architecture. It's a serene place for reflection and offers insights into the area's colonial past.
Matara,Polhena Beach,Outdoor,"A serene beach ideal for swimming and snorkeling, protected by a coral reef that ensures calm waters. It's also a popular spot for observing sea turtles in their natural habitat."
Matara,Matara Beach,Outdoor,"A picturesque stretch of golden sand and clear waters, perfect for relaxation and enjoying the coastal scenery. The beach is easily accessible and offers opportunities for leisurely walks along the shore."
Matara,Dondra Head Lighthouse,Outdoor,"Standing at the southernmost point of Sri Lanka, this historic lighthouse offers panoramic views of the Indian Ocean. Visitors can explore the surrounding area and enjoy the scenic beauty of the coastline."
Matara,Snake Farm Thelijjawila,Outdoor,An educational facility where visitors can learn about various snake species native to Sri Lanka. The farm provides insights into snake conservation and safety.
Matara,Surfing at Medawatta Beach,Outdoor,"A popular spot for surfing enthusiasts, offering suitable waves for both beginners and experienced surfers. Surf schools are available for those looking to learn."
Matara,Star Fort,Indoor,"Built by the Dutch in the shape of a star, this fort is a testament to colonial architecture and history. Visitors can explore its unique design and learn about its historical significance."
Matara,Weherahena Temple,Indoor,A significant Buddhist temple known for its large Buddha statue and intricate murals depicting Jataka tales. The temple offers a peaceful environment for reflection and exploration.
Matara,Old Dutch Trade Center (Nupe Market),Indoor,"A historic building that once served as a trade center during the Dutch colonial period. Today, it stands as a reminder of Matara's rich history and architectural heritage."
Puttalam,Puttalam Lagoon,Outdoor,"A vast lagoon ideal for birdwatching, boating, and observing local fishing activities. The surrounding mangroves and wetlands attract diverse bird species, making it a haven for nature enthusiasts."
Puttalam,Alankuda Beach,Outdoor,"A serene beach known for dolphin and whale watching, as well as water sports like kite surfing and snorkeling. The calm waters and pristine sands make it a perfect spot for relaxation and adventure."
Puttalam,Kalpitiya Peninsula,Outdoor,"Renowned for its marine biodiversity, it's a prime location for dolphin and whale watching, as well as kite surfing. The peninsula's natural beauty and vibrant marine life offer unforgettable experiences."
Puttalam,Anawilundawa Wetland Sanctuary,Outdoor,"A Ramsar wetland site that provides a habitat for numerous bird species, making it a paradise for birdwatchers and nature lovers. The sanctuary's diverse ecosystems support a wide range of flora and fauna."
Puttalam,Mundal Lagoon,Outdoor,"A brackish lagoon surrounded by mangroves and salt marshes, ideal for birdwatching and experiencing local fishing culture. The lagoon's serene environment offers a peaceful retreat for visitors."
Puttalam,"St. Anne’s Church, Talawila",Indoor,"One of the oldest and most revered Christian pilgrimage sites in Sri Lanka, attracting visitors of all faiths. The church's serene atmosphere and historical significance make it a must-visit."
Puttalam,Munneswaram Temple,Indoor,"A historic Hindu temple complex known for its intricate architecture and annual festivals, reflecting the rich cultural heritage of the region. The temple's spiritual ambiance offers a unique cultural experience."
Puttalam,Paramakanda Raja Maha Vihara,Indoor,"An ancient Buddhist temple situated on a rock, offering panoramic views and insights into the region's religious history. The temple's serene environment provides a tranquil escape for visitors."
Weligama,Weligama Beach,Outdoor,"A picturesque sandy beach ideal for swimming, sunbathing, and observing local fishermen. The beach's gentle waves make it a popular spot for beginner surfers."
Weligama,Surfing Lessons,Outdoor,"Weligama is renowned for its surf-friendly waters, making it an excellent place for beginners to learn surfing. Numerous surf schools along the beach offer lessons and board rentals."
Weligama,Kushtarajagala Statue,Outdoor,"An ancient rock-carved statue believed to date back to the 9th century, reflecting Mahayanist Buddhist influence. It's easily accessible and offers insight into the region's historical significance."
Weligama,Whale Watching Tours,Outdoor,"Nearby Mirissa, just a short drive away, is famous for whale watching excursions, offering the chance to see blue whales, sperm whales, and dolphins in their natural habitat."
Weligama,Stilt Fishermen Observation,Outdoor,"Along the coast near Weligama, you can observe traditional stilt fishermen practicing their unique fishing method, especially during early morning or late afternoon."
Weligama,Spa and Wellness Centers,Indoor,"Weligama offers several spas and wellness centers where visitors can indulge in traditional Ayurvedic treatments and massages, providing relaxation and rejuvenation."
Weligama,Cooking Classes,Indoor,"Participate in local cooking classes to learn how to prepare traditional Sri Lankan dishes, offering a cultural immersion and a delightful culinary experience."
Weligama,Handicraft Workshops,Indoor,"Engage in workshops that teach traditional Sri Lankan arts and crafts, such as mask painting or pottery, allowing you to create and take home a unique souvenir."
Badulla,Dunhinda Falls,Outdoor,"A stunning 64-meter waterfall renowned for its misty spray, creating a 'smoky' appearance. A 1.5 km trek through lush terrain leads to the viewing platform, making it a favorite among nature lovers and hikers."
Badulla,Namunukula Mountain Range,Outdoor,"Comprising nine peaks, with the highest reaching approximately 2,036 meters, this range offers hiking trails through tea plantations and forests, rewarding trekkers with panoramic views of the Badulla district."
Badulla,Bogoda Ancient Wooden Bridge,Outdoor,"Believed to be over 400 years old, this wooden bridge, constructed without nails, is set amidst a tranquil environment, offering insights into ancient engineering and a serene spot for relaxation."
Badulla,Demodara Nine Arch Bridge,Outdoor,"An iconic viaduct built during the British colonial era, featuring nine arches amidst dense jungle and tea plantations. It's a popular spot for photography, especially when trains pass over the bridge."
Badulla,Muthiyangana Temple,Outdoor,"One of the Solosmasthana, the 16 sacred sites visited by Buddha, this ancient temple is located in the heart of Badulla and is a significant pilgrimage site, reflecting the region's rich Buddhist heritage."
Badulla,St. Mark’s Church,Indoor,"An Anglican church built during the British colonial period, showcasing Gothic architecture. The serene atmosphere and historical significance make it a peaceful retreat for visitors interested in colonial history."
Badulla,Dhowa Rock Temple,Indoor,"A protected heritage site featuring an unfinished Buddha statue carved into the rock face and ancient murals, offering insights into the region's artistic and religious history."
Badulla,Old Welekade Market,Indoor,"A historic colonial-era market building where visitors can explore local handicrafts, textiles, and produce, providing a glimpse into Badulla's commercial heritage."
Hambantota,Ridiyagama Safari Park,Outdoor,"Experience wildlife up close in this expansive park, home to various animals including elephants, lions, and zebras. Guided safaris provide educational insights into animal behavior and conservation efforts."
Hambantota,Mirijjawila Botanical Garden,Outdoor,"Explore a vast collection of dry zone flora in this serene garden, ideal for leisurely walks and picnics. The garden showcases the region's unique plant species and offers a tranquil escape from the bustling city."
Hambantota,Walawe River Safari,Outdoor,"Embark on a boat safari along the Walawe River to observe diverse bird species, crocodiles, and other wildlife in their natural habitat. The lush landscapes surrounding the river provide a picturesque backdrop for photography enthusiasts."
Hambantota,Kumana National Park,Outdoor,"A haven for birdwatchers, this park is renowned for its avian diversity, including migratory species. Guided tours offer opportunities to spot elephants, leopards, and a variety of birdlife amidst the park's wetlands and forests."
Hambantota,Agro Technology Park,Outdoor,Learn about sustainable farming practices and Sri Lanka's agricultural heritage in this interactive park. Visitors can engage with various exhibits showcasing modern and traditional farming techniques.
Hambantota,Birds Research Center & Resort,Indoor,"An indoor sanctuary dedicated to the study and conservation of various bird species. Visitors can observe and learn about the center's avian inhabitants, making it an educational experience for all ages."
Hambantota,Dry Zone Botanic Gardens - Hambantota,Indoor,Explore the diverse plant species adapted to Sri Lanka's dry climate in this indoor facility. The gardens offer educational exhibits on plant conservation and the importance of preserving native flora.
Diyatalawa,Hiking Trails in Diyatalawa,Outdoor,"The region boasts several trails suitable for hiking enthusiasts, offering panoramic views of the surrounding landscapes. The cool climate and lush greenery make it an ideal location for outdoor adventures."
Diyatalawa,Ivery Cold Water Spring,Outdoor,"A natural spring known for its exceptionally cold water, providing a refreshing experience for visitors. It's a popular spot for both locals and tourists seeking a natural retreat."
Diyatalawa,Adisham Bungalow in Haputale,Indoor,"A Benedictine monastery set in a Tudor-style mansion, reflecting colonial architecture. Visitors can explore its well-maintained gardens and purchase homemade jams and cordials."
Diyatalawa,Dhowa Rock Temple near Bandarawela,Indoor,"A protected heritage site featuring an unfinished Buddha statue carved into the rock face and ancient murals, offering insights into the region's artistic and religious history."
Negombo,Negombo Beach,Outdoor,"A picturesque stretch of golden sands and clear waters, ideal for sunbathing, swimming, and water sports such as kite surfing and windsurfing. The beach is also renowned for its stunning sunsets."
Negombo,Negombo Fish Market (Lellama),Outdoor,"Experience the bustling atmosphere of one of Sri Lanka's largest fish markets, where fishermen display their daily catch. It's an excellent opportunity to observe local trade and sample fresh seafood."
Negombo,Muthurajawela Marsh,Outdoor,"Explore the rich biodiversity of this wetland ecosystem through a boat tour, offering sightings of various bird species, reptiles, and mangroves. It's a haven for nature enthusiasts."
Negombo,Hamilton Canal,Outdoor,"Built during the Dutch colonial period, this canal runs through Negombo and is ideal for boat rides, providing a unique perspective of the city's landscape and daily life."
Negombo,Dutch Fort,Outdoor,"Although only a part of the fort remains, it stands as a testament to Negombo's colonial history. Adjacent to the fort is the old Dutch cemetery, reflecting the city's historical significance."
Negombo,St. Mary's Church,Indoor,"A prominent Catholic church known for its impressive architecture and vibrant ceiling paintings, reflecting Negombo's rich Christian heritage. It's one of the largest cathedrals in Sri Lanka."
Negombo,Angurukaramulla Temple (Bodhirajaramaya),Indoor,"This Buddhist temple features a giant Buddha statue and intricate murals. Visitors can explore the temple's historical library and the dragon entrance, which adds to its unique charm."
Negombo,Ave Maria Convent,Indoor,"An educational institution with a chapel that showcases beautiful stained-glass windows and serene surroundings, offering a peaceful retreat for visitors interested in architecture and history."
Negombo,Negombo Dutch Museum,Indoor,"Housed in a restored Dutch-era building, the museum exhibits artifacts from the colonial period, providing insights into Negombo's historical and cultural past."
Ella,Little Adam's Peak,Outdoor,"A relatively easy hike leading to panoramic views of the surrounding hills and tea plantations. The trail is well-marked, making it suitable for hikers of various skill levels. Early morning or late afternoon hikes are recommended to avoid midday heat."
Ella,Nine Arch Bridge,Outdoor,"An iconic railway bridge nestled amidst lush greenery, showcasing impressive colonial-era engineering. It's a popular spot for photography, especially when trains pass over the bridge."
Ella,Ella Rock,Outdoor,"A more challenging hike compared to Little Adam's Peak, offering rewarding vistas of the Ella Gap and surrounding landscapes. The trek can take 3-4 hours round trip, so starting early is advisable."
Ella,Ravana Falls,Outdoor,"A popular waterfall located just outside Ella, ideal for a refreshing dip. The falls are especially vibrant during the rainy season."
Ella,Kithal Ella Waterfall,Outdoor,"A lesser-known waterfall located near Kithal Ella railway station. It's quieter and more secluded than Ravana Falls, offering a peaceful spot to relax amidst nature."
Ella,Demodara Loop and Railway Station,Outdoor,"Famous for its unique spiral railway loop, where the track crosses itself via a tunnel under the station. It's a marvel of engineering and a favorite among train enthusiasts and photographers."
Ella,Flying Ravana Mega Zipline,Outdoor,"For adrenaline enthusiasts, this zipline offers a thrilling ride over the lush landscapes of Ella, providing a unique vantage point of the area's natural beauty."
Ella,Nil Diya Pokuna,Outdoor,"A mysterious underground pond located in a cave. It is a hidden gem in Ella, offering adventurous exploration for visitors who enjoy spelunking and unique experiences."
Ella,Secret Falls,Outdoor,"A hidden waterfall near Ella, accessible through a short trek. It's a secluded and serene spot, perfect for nature lovers seeking a quiet escape."
Ella,Cooking Classes,Indoor,"Engage in Sri Lankan culinary traditions by participating in local cooking classes. Learn to prepare traditional dishes using fresh, local ingredients, offering a hands-on cultural experience."
Ella,Tea Factory Tours,Indoor,Explore the process of tea production by visiting nearby tea factories. Gain insights into the journey from leaf to cup and enjoy tastings of various tea blends.
Ella,Ella Spice Garden,Indoor,Visit this small but informative garden to learn about the spices grown in Sri Lanka. The guided tours often include explanations of their culinary and medicinal uses.
Hikkaduwa,Hikkaduwa Beach,Outdoor,"Renowned for its golden sands and clear waters, this beach is ideal for sunbathing, swimming, and surfing. The area is lined with numerous restaurants and bars, making it a lively spot for both day and night activities."
Hikkaduwa,Turtle Beach,Outdoor,"A popular spot for turtle-spotting, snorkeling, diving, and surfing. This location is perfect for closely witnessing marine life."
Hikkaduwa,Hikkaduwa Coral Sanctuary,Outdoor,"A shallow fringing reef with a high degree of biodiversity, making it a popular spot for snorkeling and glass-bottom boat tours. Visitors can observe vibrant corals and a variety of marine species up close."
Hikkaduwa,Surfing,Outdoor,"Hikkaduwa is a renowned surfing destination, offering waves suitable for both beginners and experienced surfers. Several surf schools and rental shops are available along the beach."
Hikkaduwa,Diving and Snorkeling,Outdoor,"The clear waters of Hikkaduwa are perfect for diving and snorkeling, with opportunities to explore coral reefs, shipwrecks, and diverse marine life. Numerous dive centers offer equipment and guided tours."
Hikkaduwa,River Safari on the Madu Ganga,Outdoor,"Experience the rich biodiversity of mangrove forests, observe local wildlife, and visit small islands with unique attractions during a boat safari on the Madu River."
Hikkaduwa,Community Tsunami Museum,Indoor,"This museum provides insights into the devastating 2004 tsunami, showcasing photographs, stories, and artifacts. It's a poignant reminder of the region's resilience and recovery."
Hikkaduwa,Saffron Robes Art Gallery and Studio,Indoor,"Explore contemporary Sri Lankan art, including paintings and sculptures, at this local gallery. It's an excellent place to appreciate and purchase unique artworks."
Hikkaduwa,Shopping for Local Crafts,Indoor,"Hikkaduwa offers various shops and boutiques where visitors can purchase local handicrafts, jewelry, and souvenirs, providing a glimpse into Sri Lankan artistry."
Galle,Galle Fort,Outdoor,"A UNESCO World Heritage site showcasing a fusion of European architecture and South Asian traditions. Explore cobblestone streets, the Dutch Reformed Church, and the Galle Lighthouse."
Galle,Unawatuna Beach,Outdoor,"Renowned for its golden sands and clear waters, ideal for swimming, sunbathing, and water sports."
Galle,Japanese Peace Pagoda,Outdoor,A serene Buddhist stupa offering panoramic views of Galle and the Indian Ocean. Ideal for meditation and reflection.
Galle,Lagoon Canoeing in Unawatuna,Outdoor,"Explore the mangroves and waterways of Unawatuna by canoe, offering a tranquil encounter with local flora and fauna."
Galle,Cycling Tours,Outdoor,"Guided tours through paddy fields, local villages, and scenic coastal roads to experience Sri Lankan rural life."
Galle,National Maritime Museum,Indoor,"Exhibits artifacts from shipwrecks, models of boats, and other maritime relics, offering insights into naval history."
Galle,Historical Mansion Museum,Indoor,"A private museum showcasing antiques like jewelry, cameras, typewriters, and traditional crafts like beeralu lace embroidery."
Galle,Dutch Reformed Church,Indoor,"An 18th-century church featuring a unique pulpit and an organ dating back centuries, with gravestones marking its floor."
Galle,Cooking Classes,Indoor,Learn to prepare local dishes using traditional methods in local homes or specialized cooking schools.
Galle,Hikkaduwa Beach,Outdoor,"Famous for its coral reefs, snorkeling, and diving, with vibrant nightlife and dining options."
Galle,Koggala Lake,Outdoor,"Dotted with small islands and surrounded by mangrove swamps, boat safaris offer birdwatching and cinnamon island visits."
Galle,Yatagala Raja Maha Viharaya,Outdoor,"A 2,000-year-old Buddhist temple amidst lush greenery and rock formations, ideal for history and spirituality enthusiasts."
Bandarawela,Upper Diyaluma Waterfall,Outdoor,"Sri Lanka's second-highest waterfall. A moderate hike leads to the top, where natural pools offer a refreshing dip. Surrounding vistas are breathtaking."
Bandarawela,Trekking in Tea Plantations,Outdoor,Guided treks through lush tea estates offer insights into tea cultivation and panoramic views of the hills.
Bandarawela,Pilkington Point,Outdoor,"Offers sweeping views of mountains and valleys, ideal for picnics and sunrise vistas."
Bandarawela,Porawagala,Outdoor,"Scenic area with grasslands, woodlands, waterfalls, and mountains. A tranquil spot for nature walks and relaxation."
Bandarawela,Dhowa Rock Temple,Indoor,An ancient Buddhist temple featuring a 12-foot unfinished Buddha statue carved into rock and ancient murals.
Bandarawela,Adisham Bungalow,Indoor,"A historic mansion showcasing colonial architecture, now a monastery and museum surrounded by gardens."
Bandarawela,St. Anthony's Church,Indoor,Colonial-era church known for its architecture and peaceful ambiance. A tranquil spot for reflection.
Bandarawela,Ella Rock,Outdoor,"A trek offering panoramic views of the countryside, through tea plantations and forests."
Bandarawela,Nine Arches Bridge,Outdoor,A colonial-era architectural marvel set amidst jungle and tea plantations. A favorite spot for photography.
Bandarawela,Lipton’s Seat,Outdoor,"Offers expansive views of surrounding tea estates and countryside, a favorite of Sir Thomas Lipton."
Ratnapura,Katugas Ella Waterfall,Outdoor,"A picturesque waterfall ideal for nature walks and picnics, surrounded by lush greenery."
Ratnapura,Kalthota Doowili Ella Falls,Outdoor,"A 40-meter waterfall located in the Rajawaka Reserve, accessible via a forest trek."
Ratnapura,Sinharaja Forest Reserve,Outdoor,A UNESCO World Heritage tropical rainforest known for its rich biodiversity and guided tours.
Ratnapura,Adam's Peak (Sri Pada),Outdoor,A sacred mountain attracting pilgrims and hikers with panoramic sunrise views.
Ratnapura,National Museum Ratnapura,Indoor,"Showcases exhibits on natural history, including geological specimens and gem industry artifacts."
Ratnapura,Dhanaja Gem Museum,Indoor,A gemological museum offering insights into the gem industry with a vast collection of precious stones.
Ratnapura,Kajugaswatta Temple,Indoor,"Located on a hill with panoramic views, known for ancient paintings and relics."
Ratnapura,Udawalawe National Park,Outdoor,Renowned for its elephant population; offers safari tours to observe wildlife in their natural habitat.
Knuckles,Hiking and Trekking,Outdoor,"Trails through dense forests, grasslands, and waterfalls, suitable for various skill levels. Popular routes include Loolwatte and Corbet’s Gap."
Knuckles,Bird Watching and Wildlife Observation,Outdoor,"Spot over 120 bird species, mammals, and reptiles. Ideal for wildlife enthusiasts with early mornings being optimal for sightings."
Knuckles,Camping,Outdoor,Designated camping sites allow immersion in nature. Necessary permits required.
Knuckles,Exploring Pitawala Pathana,Outdoor,A unique grassland featuring the 'Mini World's End' with panoramic views. A 0.75 km nature trail leads to the viewpoint.
Knuckles,Riverston,Outdoor,Known for its misty conditions and stunning views from the peak. A short hike leads to panoramic vistas.
Knuckles,Temple of the Sacred Tooth Relic (Kandy),Indoor,"Located about 50 km away, this cultural site houses a sacred tooth relic of Buddha."
Knuckles,Sembuwatta Lake,Outdoor,"A serene man-made lake surrounded by tea plantations, offering activities like boating and swimming."
Knuckles,Hunas Falls,Outdoor,"A picturesque waterfall ideal for nature walks and picnics, surrounded by lush greenery."
Kitulgala,White Water Rafting,Outdoor,"Thrilling rafting experience on the Kelani River, suitable for beginners and seasoned rafters with guided tours available."
Kitulgala,Canyoning and Waterfall Abseiling,Outdoor,Adventure-filled activities involving waterfall descents and natural rock slides under professional guidance.
Kitulgala,Jungle Trekking,Outdoor,"Guided treks through dense rainforests leading to hidden waterfalls and caves, offering an immersive nature experience."
Kitulgala,Bird Watching,Outdoor,Makandawa Forest Reserve offers sightings of endemic and migratory bird species. Early mornings are optimal.
Kitulgala,Mountain Biking,Outdoor,"Scenic trails through rubber and tea plantations, perfect for cycling enthusiasts seeking adventure."
Kitulgala,Belilena Cave Exploration,Outdoor,"Historic cave known for archaeological significance, featuring prehistoric human habitation. Accessible via a trek."
Kitulgala,Tea Plantation Visits,Indoor,"Guided tours in nearby tea estates offering insights into tea cultivation and processing, with tea-tasting sessions."
Kitulgala,Local Cooking Classes,Indoor,Participate in cooking classes to learn Sri Lankan culinary traditions and prepare local dishes using traditional methods.
Kitulgala,Aberdeen Falls,Outdoor,"A 98-meter picturesque waterfall, perfect for picnics and nature lovers."
Kitulgala,Laxapana Falls,Outdoor,A 126-meter impressive waterfall offering stunning views and photography opportunities.
Tangalle,Goyambokka Beach,Outdoor,"A picturesque beach with golden sands and clear waters, ideal for swimming and sunbathing. Beachfront restaurants and sun loungers available."
Tangalle,Silent Beach,Outdoor,"A tranquil, semi-private beach perfect for relaxation and leisurely walks. Less crowded and serene."
Tangalle,Hummanaya Blow Hole,Outdoor,"Seawater jets through a submerged cavern, creating impressive water spouts. Best viewed during high tide."
Tangalle,Rekawa Turtle Conservation Project,Outdoor,Observe sea turtles nesting at night with guidance from conservationists. Best during April to July.
Tangalle,Kalametiya Bird Sanctuary,Outdoor,"A sanctuary for bird watchers, offering guided boat tours through mangroves and lagoons to observe diverse bird species."
Tangalle,Mulkirigala Raja Maha Vihara,Outdoor,"Ancient Buddhist temple complex with cave paintings and statues, offering panoramic views."
Tangalle,Spa and Wellness Centers,Indoor,Relax with Ayurvedic treatments and massages using natural herbs and oils.
Tangalle,Cooking Classes,Indoor,Learn to prepare traditional Sri Lankan dishes using local methods in homes or cooking schools.
Tangalle,Art Galleries and Craft Shops,Indoor,Explore local art galleries featuring traditional and contemporary Sri Lankan art and craftsmanship.
Maskeliya,Adam's Peak (Sri Pada),Outdoor,"A sacred mountain revered by multiple religions, offering a challenging hike to witness stunning sunrise views."
Maskeliya,Hiking the Seven Virgins Mountain Range,Outdoor,"Challenging treks through dense forests and rugged terrain, with panoramic vistas of surrounding landscapes."
Maskeliya,Gartmore Falls,Outdoor,"Also known as Sri Pada Falls, surrounded by lush greenery, making it a serene spot for nature enthusiasts."
Maskeliya,Lanka Ella,Outdoor,"A tranquil and lesser-known waterfall, ideal for relaxation and photography."
Maskeliya,Maskeliya Reservoir,Outdoor,"A picturesque reservoir perfect for boat rides, picnics, and bird watching."
Maskeliya,Tea Plantation Tours,Outdoor,"Explore lush tea estates, learn about tea cultivation, and enjoy fresh tea tasting."
Maskeliya,Educational Visits to Tea Factories,Indoor,"Gain insights into tea manufacturing through guided tours, including demonstrations and tea purchases."
Maskeliya,Cultural Centers,Indoor,Explore local cultural centers or museums to learn about the heritage and traditions of the region.
Mannar,Mannar Fort,Outdoor,"A colonial-era fort built by the Portuguese and later modified by the Dutch, offering historical insights and scenic views."
Mannar,Adam's Bridge (Rama's Bridge),Outdoor,A chain of limestone shoals connecting Mannar to India's Pamban Island. Significant for its geological and mythological importance.
Mannar,Baobab Tree,Outdoor,"An ancient tree believed to be over 700 years old, reflecting Mannar's diverse botanical heritage."
Mannar,Keeri Beach,Outdoor,"A serene beach perfect for swimming and relaxation, fringed by a small palmyra palm forest."
Mannar,Mannar Bird Sanctuary,Outdoor,"A haven for bird watchers, especially during the migratory season. Home to a variety of bird species."
Mannar,Giant's Tank,Outdoor,An ancient irrigation reservoir supporting agriculture and attracting various bird species. Offers scenic beauty and a glimpse into traditional farming practices.
Mannar,Shrine of Our Lady of Madhu,Indoor,A significant Catholic pilgrimage site offering a peaceful environment for reflection.
Mannar,Thiruketheeswaram Kovil,Indoor,"One of the oldest Hindu temples in Sri Lanka, dedicated to Lord Shiva. Known for its architecture and spiritual significance."
Mirissa,Whale Watching Tours,Outdoor,"Premier destination for observing blue whales, sperm whales, and dolphins. Best time is December to March during the dry season."
Mirissa,Mirissa Beach,Outdoor,"A crescent-shaped beach ideal for swimming, sunbathing, and surfing, with vibrant beach bars and restaurants."
Mirissa,Coconut Tree Hill,Outdoor,"A picturesque spot with coconut trees providing panoramic views, perfect for photography during sunrise or sunset."
Mirissa,Parrot Rock,Outdoor,"Accessible during low tide, this rock formation offers scenic views of Mirissa Beach and its surroundings."
Mirissa,Surfing at Weligama Bay,Outdoor,"A nearby bay suitable for beginners and experienced surfers, with surf schools and board rentals available."
Mirissa,Snorkeling and Diving,Outdoor,Coral reefs near Mirissa provide opportunities to observe diverse marine life with guided tours and equipment.
Mirissa,Spa and Wellness Centers,Indoor,"Ayurvedic treatments, massages, and yoga sessions offered at various wellness centers in Mirissa."
Mirissa,Cooking Classes,Indoor,"Learn to prepare Sri Lankan dishes, often with market visits to source fresh ingredients."
Mirissa,Handicraft Shops and Art Galleries,Indoor,"Explore traditional Sri Lankan arts, crafts, and souvenirs in local galleries and shops."
Pottuvil,Surfing at Arugam Bay,Outdoor,"A world-renowned surfing destination suitable for surfers of all levels, located just 2 kilometers south of Pottuvil."
Pottuvil,Kumana National Park Safari,Outdoor,"A haven for wildlife and bird enthusiasts, featuring elephants, leopards, and diverse bird species."
Pottuvil,Pottuvil Lagoon Tour,Outdoor,"Serene boat tours exploring mangroves, bird species, and occasional crocodiles or elephants in their natural habitat."
Pottuvil,Whiskey Point,Outdoor,"A tranquil beach north of Pottuvil, popular for surfing and relaxation."
Pottuvil,Peanut Farm Beach,Outdoor,"A secluded beach south of Arugam Bay, known for its surf spots and peaceful atmosphere."
Pottuvil,Muhudu Maha Vihara,Outdoor,"An ancient Buddhist temple near the beach, over 2000 years old, rich in historical and cultural significance."
Pottuvil,Cooking Classes,Indoor,Learn to prepare traditional Sri Lankan dishes using authentic techniques and fresh ingredients.
Pottuvil,Yoga and Wellness Retreats,Indoor,Participate in yoga sessions and wellness programs for relaxation and rejuvenation.
Pottuvil,Local Handicraft Shops,Indoor,"Explore shops showcasing traditional Sri Lankan arts and crafts, offering unique souvenirs."
Pottuvil,Surfing at Arugam Bay,Outdoor,"World-famous surfing destination located just south of Pottuvil, suitable for all skill levels."
Pottuvil,Kumana National Park Safari,Outdoor,Wildlife sanctuary ideal for bird watching and observing elephants and leopards in their natural habitat.
Pottuvil,Pottuvil Lagoon Tour,Outdoor,"Explore the lagoon by boat, observing mangroves, bird species, and occasional crocodiles and elephants."
Pottuvil,Whiskey Point,Outdoor,"A serene beach north of Pottuvil, popular for surfing and relaxation."
Pottuvil,Peanut Farm Beach,Outdoor,"A secluded beach south of Arugam Bay, known for its surf spots and tranquil atmosphere."
Pottuvil,Muhudu Maha Vihara,Outdoor,"An ancient Buddhist temple believed to be over 2000 years old, showcasing historical and cultural significance."
Pottuvil,Cooking Classes,Indoor,Learn to prepare Sri Lankan dishes using traditional methods and fresh ingredients.
Pottuvil,Yoga and Wellness Retreats,Indoor,Relaxing yoga sessions and wellness programs offered in serene surroundings.
Pottuvil,Local Handicraft Shops,Indoor,"Explore shops showcasing traditional Sri Lankan arts and crafts, perfect for souvenirs and cultural insights."
Mullaitivu,Mullaitivu Beach,Outdoor,"A serene and less crowded beach, ideal for relaxation and leisurely walks with pristine sands and calm waters."
Mullaitivu,Nay Aru Lagoon,Outdoor,A picturesque lagoon offering bird watching and local fishing activities amidst mangroves and wetlands.
Mullaitivu,Exploring Coastal Villages,Outdoor,Visit nearby fishing villages to gain insights into traditional livelihoods and local cultures.
Mullaitivu,Puthukkudiyiruppu War Museum,Indoor,A museum exhibiting artifacts and providing historical context about the Sri Lankan civil war.
Mullaitivu,Local Cuisine Exploration,Indoor,Experience traditional Tamil dishes and learn about the region's culinary heritage by dining at local eateries.
Dambulla,Dambulla Cave Temple,Outdoor,A UNESCO World Heritage site featuring caves adorned with Buddhist murals and statues.
Dambulla,Minneriya National Park Safari,Outdoor,"Famous for large elephant gatherings and rich wildlife, accessible via jeep safaris."
Dambulla,Pidurangala Rock,Outdoor,A moderately challenging hike leading to panoramic views of Sigiriya and the surrounding landscape.
Dambulla,Popham's Arboretum,Outdoor,"The only dry-zone arboretum in Sri Lanka, ideal for nature walks and bird watching."
Dambulla,Ibbankatuwa Megalithic Tombs,Outdoor,"An ancient burial site dating back to 700–400 BC, showcasing prehistoric culture."
Dambulla,Rose Quartz Mountain Range,Outdoor,Home to South Asia's largest rose quartz mountain range and a national ironwood forest.
Dambulla,Buddhist Museum and Museum of Wall Paintings,Indoor,Showcases a vast collection of Buddhist artifacts and intricate wall paintings.
Dambulla,Dambulla Dedicated Economic Centre,Indoor,A bustling wholesale market offering fresh produce and local trade experiences.
Dambulla,Cooking Classes,Indoor,Learn to prepare traditional Sri Lankan dishes with local chefs.
Dambulla,Dambulla Cave Temple (Golden Temple of Dambulla),Outdoor,"A UNESCO World Heritage site with caves adorned with intricate Buddhist murals and statues, showcasing ancient art and religious practices."
Dambulla,Minneriya National Park Safari,Outdoor,Famous for large elephant gatherings and diverse wildlife. Jeep safaris offer close encounters with nature.
Dambulla,Pidurangala Rock,Outdoor,"A moderately challenging hike leading to panoramic views, including a clear view of Sigiriya Rock."
Dambulla,Popham's Arboretum,Outdoor,"A 30-acre dry-zone arboretum, perfect for nature walks and bird watching."
Dambulla,Ibbankatuwa Megalithic Tombs,Outdoor,"An ancient burial site dating back to 700–400 BC, providing insights into the island's prehistoric period."
Dambulla,Rose Quartz Mountain Range (Jathika Namal Uyana),Outdoor,Features the largest rose quartz mountain range in South Asia and a national ironwood forest.
Dambulla,Buddhist Museum and Museum of Wall Paintings,Indoor,"Showcases Buddhist artifacts and intricate wall paintings, reflecting the region's rich artistic heritage."
Dambulla,Dambulla Dedicated Economic Centre,Indoor,A bustling wholesale market offering fresh produce and insights into local trade practices.
Dambulla,Cooking Classes,Indoor,Learn to prepare traditional Sri Lankan dishes using local methods and fresh ingredients.
Avissawella,Seethawaka Wet Zone Botanic Gardens,Outdoor,"A lush garden ideal for leisurely walks, picnics, and nature photography, featuring diverse flora and well-maintained paths."
Avissawella,Kumari Ella Falls,Outdoor,"A picturesque waterfall with a natural pool, offering a tranquil environment for relaxation."
Avissawella,Ella Uda Ella Falls,Outdoor,"A serene waterfall surrounded by lush greenery, perfect for nature lovers and photographers."
Avissawella,White Water Rafting in Kithulgala,Outdoor,"An exhilarating rafting experience on the Kelani River, suitable for beginners and experienced rafters."
Avissawella,Mlesna Tea Castle,Indoor,"Offers insights into Sri Lanka's tea heritage with tea tasting, product purchases, and learning about tea manufacturing."
Avissawella,Leisure World Water Park,Indoor,"An amusement park featuring water slides, pools, and various rides, ideal for family fun."
Kalutara,Kalutara Beach,Outdoor,"A serene beach ideal for relaxation, sunbathing, and picturesque beach walks."
Kalutara,Calido Beach,Outdoor,"Located near the Kalutara estuary, this beach offers a peaceful ambiance for family outings and breathtaking sunsets."
Kalutara,Richmond Castle,Outdoor,"A grand early 20th-century mansion blending Eastern and Western architectural styles, set on a 25-acre estate."
Kalutara,Fa Hien Caves,Outdoor,"One of the largest natural rock formations in Sri Lanka, of archaeological significance with evidence of prehistoric settlements."
Kalutara,Thudugala Ella Waterfall,Outdoor,"A scenic waterfall in a tranquil environment, perfect for nature lovers and picnics."
Kalutara,Kalutara Bodhiya,Indoor,A revered Buddhist temple featuring a hollow stupa with intricate murals depicting the Buddha's life.
Kalutara,Asokaramaya Buddhist Temple,Indoor,"Known for its serene atmosphere and beautiful architecture, offering insights into local religious practices."
Kalutara,Local Handicraft Shops,Indoor,"Explore traditional Sri Lankan crafts, including basket weaving and lace-making. Perfect for purchasing souvenirs."
Kalutara,Cooking Classes,Indoor,Learn to prepare traditional Sri Lankan dishes using local ingredients and techniques.
Deniyaya,Sinharaja Forest Reserve,Outdoor,A UNESCO World Heritage tropical rainforest known for its biodiversity. Guided treks offer insights into endemic flora and fauna.
Deniyaya,Olu Dola,Outdoor,"A natural pool in the Hulandawa area, accessible via a vine bridge. Ideal for serene bathing and relaxation."
Deniyaya,Tea Plantations,Outdoor,Tour lush tea estates to learn about tea cultivation and enjoy scenic views of rolling hills.
Deniyaya,Waterfall Visits,Outdoor,"Explore picturesque waterfalls near the Lankagama Entrance of the Sinharaja Forest, perfect for photography and nature walks."
Deniyaya,Dalu Tea Centre,Indoor,"Learn about tea processing, enjoy tasting sessions, and purchase freshly processed tea."
Deniyaya,Local Cultural Experiences,Indoor,Engage in traditional crafts or cooking methods with the local community to understand their cultural heritage.
Monaragala,Biso Pokuna (Queen's Pond),Outdoor,"An ancient royal bathing pool from the 12th century, showcasing the architectural ingenuity of ancient Sri Lanka."
Monaragala,Gal Oya National Park,Outdoor,Known for its boat safaris and the opportunity to see elephants swimming between islands in the Senanayake Samudraya reservoir.
Monaragala,Yala National Park,Outdoor,"Renowned for its leopard population and diverse ecosystems, offering jeep safaris through forests, grasslands, and wetlands."
Monaragala,Maduru Oya National Park,Outdoor,"A haven for wildlife enthusiasts and birdwatchers, featuring diverse flora and fauna."
Monaragala,Buduruwagala,Outdoor,"Home to seven ancient Buddhist statues carved into a rock face, surrounded by a serene forest environment."
Monaragala,Maligawila Buddha Statue,Outdoor,"One of the tallest free-standing Buddha statues in Sri Lanka, carved out of limestone and dating back to the 7th century."
Monaragala,Local Handicraft Workshops,Indoor,"Engage in traditional crafts such as pottery, weaving, and wood carving, learning from local artisans."
Monaragala,Cooking Classes,Indoor,Learn to prepare traditional Sri Lankan dishes using local ingredients in hands-on cooking sessions.
Tissamaharama,Yala National Park,Outdoor,"Renowned for its diverse wildlife, including leopards and elephants. Offers jeep safaris through varied ecosystems."
Tissamaharama,Tissa Wewa (Tissa Lake),Outdoor,"A man-made reservoir dating back to the 3rd century BC, ideal for boat rides, bird watching, and serene sunsets."
Tissamaharama,Bundala National Park,Outdoor,"A UNESCO Biosphere Reserve, famous for its flamingos and migratory bird populations, perfect for birdwatchers."
Tissamaharama,Sithulpawwa Rock Temple,Outdoor,"An ancient Buddhist monastery atop a rock, offering panoramic views and featuring historic cave paintings."
Tissamaharama,Kataragama Temple,Outdoor,"A multi-religious temple complex sacred to Buddhists, Hindus, and Muslims, vibrant during the Esala Perahera festival."
Tissamaharama,Tissamaharama Raja Maha Vihara,Indoor,"One of the largest stupas in Sri Lanka, offering insights into the region's religious heritage and historical significance."
Tissamaharama,Yatala Wehera,Indoor,"An ancient stupa surrounded by a moat, featuring intricate carvings and a museum displaying archaeological findings."
Tissamaharama,Local Handicraft Workshops,Indoor,"Engage in traditional crafts such as pottery, weaving, and wood carving, learning from local artisans."
Tissamaharama,Cooking Classes,Indoor,Learn to prepare traditional Sri Lankan dishes using local ingredients in hands-on cooking sessions.
Sella Kataragama,Sella Kataragama Temple Complex,Outdoor,"A sacred site with multiple shrines dedicated to Hindu and Buddhist deities, offering tranquil surroundings and religious rituals."
Sella Kataragama,Menik Ganga (River) Pilgrimage,Outdoor,"Visitors bathe in the Menik Ganga before proceeding to temples, enjoying a peaceful environment for reflection and relaxation."
Sella Kataragama,Nature Walks and Bird Watching,Outdoor,"Explore the lush greenery and observe local bird species, especially during early mornings and late afternoons."
Sella Kataragama,Participate in Religious Ceremonies,Indoor,Engage in daily poojas at the various shrines to gain insights into local religious practices.
Sella Kataragama,Meditation and Yoga Sessions,Indoor,Join meditation and yoga sessions at local retreat centers to promote inner peace and well-being.
Colombo,Galle Face Green,Outdoor,"An ocean-side urban park ideal for evening strolls, kite flying, and sampling local street food."
Colombo,Viharamahadevi Park,Outdoor,"The oldest and largest park in Colombo, featuring gardens, a children's play area, and a prominent Buddha statue."
Colombo,Beira Lake,Outdoor,A scenic spot in central Colombo offering boat rides and views of the city's skyline.
Colombo,Mount Lavinia Beach,Outdoor,"A popular beach with golden sands, known for sunbathing, swimming, and seafood restaurants."
Colombo,Pettah Market,Outdoor,"A bustling open-air market offering souvenirs, local goods, and vibrant street life."
Colombo,National Museum of Colombo,Indoor,Sri Lanka's largest museum showcasing artifacts like the Kandyan monarchs' throne and crown.
Colombo,Gangaramaya Temple,Indoor,A significant Buddhist temple featuring diverse architectural styles and a museum of Buddhist artifacts.
Colombo,Dutch Hospital Shopping Precinct,Indoor,A historic colonial building turned into a shopping and dining complex with boutiques and cafes.
Colombo,Colombo Lotus Tower,Indoor,"The tallest structure in South Asia, offering observation decks, restaurants, and entertainment."
Colombo,Arcade Independence Square,Indoor,"A renovated colonial building housing boutiques, eateries, and a cinema, ideal for leisure and shopping."
Gampaha,Henarathgoda Botanical Garden,Outdoor,"Renowned for being the site of the first rubber tree planting in Sri Lanka, featuring diverse flora and themed sections."
Gampaha,Maligatenna Rajamaha Viharaya,Outdoor,"An ancient Buddhist temple with serene surroundings, offering panoramic views and historical significance."
Gampaha,Negombo Lagoon,Outdoor,"Ideal for bird watching and boating, surrounded by mangrove swamps that attract various water birds."
Gampaha,Sri Gnanodaya Central College Planetarium,Indoor,"A planetarium offering educational shows about astronomy, suitable for all weather conditions."
Gampaha,Local Handicraft Workshops,Indoor,"Interactive workshops showcasing traditional Sri Lankan crafts like mask carving, pottery, and weaving."
Gampaha,Kelaniya Raja Maha Vihara,Outdoor,"A historic temple believed to have been visited by Lord Buddha, with intricate artworks and serene surroundings."
Gampaha,Muthurajawela Marsh,Outdoor,A wetland ecosystem offering boat tours to observe diverse flora and fauna in their natural habitat.
Gampaha,Seema Malaka Temple,Outdoor,"A unique temple in Colombo with tranquil architecture designed by Geoffrey Bawa, perfect for a peaceful retreat."
Dodanduwa,Dodanduwa Beach,Outdoor,"A serene beach ideal for relaxation, sunbathing, and swimming, offering a peaceful retreat with golden sands and gentle waves."
Dodanduwa,Dodanduwa Lagoon,Outdoor,"Explore the calm waters of the lagoon by boat, observing mangrove forests and local wildlife, perfect for bird watching."
Dodanduwa,Dodanduwa Fisheries Harbour,Outdoor,Visit this traditional fishing harbor to observe local fishermen's routines and traditional Oruwa boats with distinctive square sails.
Dodanduwa,Snorkeling and Diving,Outdoor,"The nearby coral reefs provide vibrant marine life for snorkeling and diving, with guided tours suitable for various experience levels."
Dodanduwa,Island Hermitage,Indoor,"A Buddhist forest monastery founded in 1911, located on Polgasduwa Island, offering insights into monastic life and meditation practices."
Dodanduwa,Shailabimbarama Maha Viharaya,Indoor,A historic Buddhist temple providing insights into local religious practices and architecture in a peaceful environment.
Horton Plains,World's End,Outdoor,"Embark on a trek to World's End, a dramatic cliff with an 870-meter drop, offering panoramic views of the surrounding landscape. The trail is approximately 9 kilometers and takes about 3 hours to complete."
Horton Plains,Baker's Falls,Outdoor,"Explore Baker's Falls, a picturesque waterfall named after British explorer Sir Samuel Baker. The falls are 20 meters high and surrounded by lush greenery."
Horton Plains,Wildlife Observation,Outdoor,"Horton Plains is rich in biodiversity, home to species like the Sri Lankan sambar deer and various endemic birds. Early morning visits increase the chances of wildlife sightings."
Horton Plains,Thotupola Kanda,Outdoor,"The Thotupola Kanda trail leads to Sri Lanka's third-highest peak, offering stunning views and diverse plant species. A moderate hike for enthusiasts."
Horton Plains,Ceylon Tea Museum in Kandy,Indoor,"Learn about Sri Lanka's tea heritage at this museum, showcasing historical tea-processing equipment and industry insights."
Horton Plains,Victoria Park in Nuwara Eliya,Indoor,"A well-maintained park ideal for leisurely walks and birdwatching, featuring a variety of flora and a small museum."
Horton Plains,Moon Plains,Outdoor,"Located approximately 15 kilometers from Horton Plains, Moon Plains offers 360-degree views of surrounding mountain ranges and is a biodiversity hotspot."
Horton Plains,Lover's Leap Waterfall,Outdoor,"A scenic waterfall near Nuwara Eliya, accessible via a short hike through tea plantations."
Horton Plains,Hakgala Botanical Garden,Outdoor,This garden is home to diverse plant species and offers a serene environment for visitors.
Sinharaja,Trekking and Hiking,Outdoor,"Explore the dense rainforest through well-marked trails, offering opportunities to observe diverse flora and fauna. Guided treks provide insights into the ecosystem's complexity."
Sinharaja,Bird Watching,Outdoor,"Sinharaja is a haven for bird enthusiasts, home to numerous endemic species like the Sri Lanka Blue Magpie and Red-faced Malkoha. Early morning excursions increase the likelihood of sightings."
Sinharaja,Waterfall Exploration,Outdoor,Discover stunning waterfalls such as Duvili Ella and Brahmana Ella within the forest. These natural cascades provide serene spots for relaxation amidst nature.
Sinharaja,Wildlife Spotting,Outdoor,"Encounter various wildlife, including the endemic purple-faced langur, leopards, and a variety of reptiles and amphibians. Guided tours enhance the chances of sightings."
Sinharaja,Jeep Safari,Outdoor,"Experience the rural lifestyle, tea gardens, and lush vegetation surrounding Sinharaja through a jeep ride, offering a different perspective of the area's natural beauty."
Sinharaja,Tea Factory Visits,Indoor,Explore nearby tea factories such as Kalubovitiyana and Mahakanda to learn about tea processing and Sri Lanka's tea culture. These visits provide insights into the traditional methods of tea production.
Sinharaja,Cinnamon Estates and Spice Gardens,Indoor,"Visit local cinnamon estates to witness the cultivation and processing of cinnamon, along with other spice gardens showcasing Sri Lanka's rich spice heritage."
Chilaw,Silver Beach,Outdoor,"Known for its captivating sunset views and gleaming fine sands. Ideal for relaxing strolls along the water's edge, with leaning coconut groves."
Chilaw,Anawilundawa Wetland Sanctuary,Outdoor,"A haven for bird watchers, home to numerous resident and endemic bird species. Provides a serene environment for nature walks and wildlife observation."
Chilaw,Chilaw Beach Park,Outdoor,"Featuring lush tropics, colorful birds, and panoramic walkways, Chilaw Beach Park is ideal for leisurely walks and picnics by the sea."
Chilaw,Fishing Village Visits,Outdoor,Experience the local fishing culture by visiting nearby fishing villages. Learn about traditional fishing methods practiced for generations.
Chilaw,Munneswaram Temple,Indoor,"An ancient Hindu temple dedicated to Lord Shiva, located about 7 km from Chilaw. Holds rich historical and religious significance."
Chilaw,Our Lady of Mount Carmel Cathedral,Indoor,"A historical cathedral dating back to 1851, serving as the seat of the Chilaw Diocese. Admire its architecture and learn about its storied past."
Matale,Riverston Peak,Outdoor,"Part of the Knuckles Mountain Range, Riverston Peak is known for its picturesque landscapes and cool climate. Offers hiking opportunities with panoramic views of the surrounding hills and valleys."
Matale,Sera Ella Waterfall,Outdoor,A beautiful waterfall accessible via a short trek through lush greenery. Visitors can enjoy the serene environment and explore a cave behind the waterfall.
Matale,Bambarakiri Ella Waterfall,Outdoor,"Situated near Rattota town, this waterfall comprises two cascades and is surrounded by a tranquil environment, ideal for relaxation and nature walks."
Matale,Spice Gardens,Outdoor,"Renowned for its spice gardens, where visitors can learn about the cultivation and processing of various spices, including cinnamon, cardamom, and pepper."
Matale,Aluvihara Rock Cave Temple,Indoor,An ancient Buddhist temple featuring rock caves with historical paintings and inscriptions. Provides insights into Sri Lanka's religious heritage.
Matale,Matale Heritage Centre,Indoor,"A cultural center showcasing traditional crafts, artifacts, and the history of the Matale region. Visitors can engage with local artisans and learn about the area's heritage."
Kurunegala,Kurunegala Lake (Ethugala),Outdoor,"A picturesque lake surrounded by lush greenery, ideal for leisurely walks, picnics, and enjoying sunset views. The area is also known for the iconic Elephant Rock, offering panoramic views of the city."
Kurunegala,Samadhi Buddha Statue,Outdoor,"One of the tallest granite Buddha statues in the world, situated atop a hill. Visitors can enjoy a serene environment and panoramic views of Kurunegala."
Kurunegala,Ridi Viharaya (Silver Temple),Outdoor,An ancient Buddhist temple known for its intricate carvings and historical significance. The temple is built into a rock face and offers insights into Sri Lanka's rich cultural heritage.
Kurunegala,Kurunegala Rock (Athugala),Outdoor,"A prominent rock formation resembling an elephant, offering hiking opportunities and panoramic views of the city. The summit features a large Buddha statue and is a popular spot for both locals and tourists."
Kurunegala,Kurunegala Provincial Museum,Indoor,"Showcases artifacts and exhibits related to the region's history, culture, and archaeology. A great place to learn about the local heritage, especially during rainy days."
Kurunegala,Shopping at Local Markets,Indoor,"Explore indoor markets offering local handicrafts, textiles, and spices. An excellent opportunity to purchase souvenirs and experience the local commerce scene."
Ambalangoda,Ambalangoda Beach,Outdoor,"A serene beach known for its golden sands and clear waters, ideal for sunbathing, swimming, and leisurely walks. The tranquil environment makes it a perfect spot for relaxation."
Ambalangoda,Madu River Safari,Outdoor,"The Madu River is renowned for its mangrove forests and biodiversity. Boat safaris offer visitors the chance to explore the river's ecosystem, spot various bird species, and visit small islands with temples and cinnamon plantations."
Ambalangoda,Sea Turtle Hatcheries,Outdoor,"Several turtle conservation projects near Ambalangoda focus on protecting endangered sea turtles. Visitors can learn about turtle conservation efforts, observe hatchlings, and participate in releasing them into the sea (seasonal activity)."
Ambalangoda,Ariyapala Mask Museum,Indoor,"Showcases a vast collection of traditional masks used in dance and rituals, providing insights into their cultural significance. Visitors can also observe artisans at work and purchase souvenirs."
Ambalangoda,Traditional Puppet Shows,Indoor,Experience Ambalangoda's rich puppetry heritage through traditional puppet shows that depict folklore and historical events.
